{"nm":"App_Anim 5","ddd":0,"h":1080,"w":1080,"meta":{"g":"LottieFiles AE 0.1.20"},"layers":[{"ty":4,"nm":"eyes","sr":1,"st":0,"op":241,"ip":0,"hd":false,"ddd":0,"bm":0,"hasMask":false,"ao":0,"ks":{"a":{"a":0,"k":[543.564,540.828,0],"ix":1},"s":{"a":0,"k":[100,100,100],"ix":6},"sk":{"a":0,"k":0},"p":{"a":1,"k":[{"o":{"x":0.77,"y":0},"i":{"x":0.23,"y":1},"s":[0,188.341,0],"t":49,"ti":[0,6,0],"to":[0,-6,0]},{"o":{"x":0.77,"y":0.77},"i":{"x":0.23,"y":0.23},"s":[0,152.341,0],"t":63,"ti":[0,0,0],"to":[0,0,0]},{"o":{"x":0.77,"y":0},"i":{"x":0.23,"y":1},"s":[0,152.341,0],"t":99,"ti":[0,-6,0],"to":[0,6,0]},{"s":[0,188.341,0],"t":112}],"ix":2},"r":{"a":0,"k":0,"ix":10},"sa":{"a":0,"k":0},"o":{"a":0,"k":100,"ix":11}},"ef":[],"shapes":[{"ty":"gr","bm":0,"hd":false,"mn":"ADBE Vector Group","nm":"eye left","ix":1,"cix":2,"np":2,"it":[{"ty":"sh","bm":0,"hd":false,"mn":"ADBE Vector Shape - Group","nm":"Path 1","ix":1,"d":1,"ks":{"a":0,"k":{"c":false,"i":[[0,0],[0,0]],"o":[[0,0],[0,0]],"v":[[0,-8.583],[0,8.583]]},"ix":2}},{"ty":"st","bm":0,"hd":false,"mn":"ADBE Vector Graphic - Stroke","nm":"Stroke 1","lc":2,"lj":2,"ml":1,"o":{"a":0,"k":100,"ix":4},"w":{"a":0,"k":16,"ix":5},"c":{"a":0,"k":[0.9176,0.2902,0.3725],"ix":3}},{"ty":"tr","a":{"a":0,"k":[0,0],"ix":1},"s":{"a":0,"k":[100,100],"ix":3},"sk":{"a":0,"k":0,"ix":4},"p":{"a":0,"k":[577.708,528.32],"ix":2},"r":{"a":0,"k":0,"ix":6},"sa":{"a":0,"k":0,"ix":5},"o":{"a":0,"k":100,"ix":7}}]},{"ty":"gr","bm":0,"hd":false,"mn":"ADBE Vector Group","nm":"eye right","ix":2,"cix":2,"np":2,"it":[{"ty":"sh","bm":0,"hd":false,"mn":"ADBE Vector Shape - Group","nm":"Path 1","ix":1,"d":1,"ks":{"a":0,"k":{"c":false,"i":[[0,0],[0,0]],"o":[[0,0],[0,0]],"v":[[0,-8.583],[0,8.583]]},"ix":2}},{"ty":"st","bm":0,"hd":false,"mn":"ADBE Vector Graphic - Stroke","nm":"Stroke 1","lc":2,"lj":2,"ml":1,"o":{"a":0,"k":100,"ix":4},"w":{"a":0,"k":16,"ix":5},"c":{"a":0,"k":[0.9176,0.2902,0.3725],"ix":3}},{"ty":"tr","a":{"a":0,"k":[0,0],"ix":1},"s":{"a":0,"k":[100,100],"ix":3},"sk":{"a":0,"k":0,"ix":4},"p":{"a":0,"k":[505.615,528.32],"ix":2},"r":{"a":0,"k":0,"ix":6},"sa":{"a":0,"k":0,"ix":5},"o":{"a":0,"k":100,"ix":7}}]},{"ty":"tm","bm":0,"hd":false,"mn":"ADBE Vector Filter - Trim","nm":"Trim Paths 1","ix":3,"e":{"a":1,"k":[{"o":{"x":0.77,"y":0},"i":{"x":0.23,"y":1},"s":[100],"t":52},{"o":{"x":0.77,"y":0},"i":{"x":0.23,"y":1},"s":[0],"t":58},{"o":{"x":0.77,"y":0},"i":{"x":0.23,"y":1},"s":[0],"t":101},{"s":[100],"t":106}],"ix":2},"o":{"a":0,"k":0,"ix":3},"s":{"a":0,"k":100,"ix":1},"m":1}],"ind":1,"parent":3},{"ty":4,"nm":"mouth","sr":1,"st":0,"op":241,"ip":0,"hd":false,"ddd":0,"bm":0,"hasMask":false,"ao":0,"ks":{"a":{"a":0,"k":[543.564,540.828,0],"ix":1},"s":{"a":0,"k":[100.008,100.008,100],"ix":6},"sk":{"a":0,"k":0},"p":{"s":true,"x":{"a":0,"k":0,"ix":3},"y":{"a":0,"k":0,"ix":4},"z":{"a":0,"k":0}},"r":{"a":0,"k":0,"ix":10},"sa":{"a":0,"k":0},"o":{"a":0,"k":100,"ix":11}},"ef":[],"shapes":[{"ty":"gr","bm":0,"hd":false,"mn":"ADBE Vector Group","nm":"mouth","ix":1,"cix":2,"np":3,"it":[{"ty":"sh","bm":0,"hd":false,"mn":"ADBE Vector Shape - Group","nm":"Path 1","ix":1,"d":1,"ks":{"a":0,"k":{"c":false,"i":[[0,-51.192],[51.192,0],[0,51.192]],"o":[[0,51.192],[-51.192,0],[0,-51.192]],"v":[[92.691,-46.346],[0,46.346],[-92.691,-46.346]]},"ix":2}},{"ty":"tm","bm":0,"hd":false,"mn":"ADBE Vector Filter - Trim","nm":"Trim Paths 1","ix":2,"e":{"a":1,"k":[{"o":{"x":0.77,"y":0},"i":{"x":0.23,"y":1},"s":[0],"t":47},{"o":{"x":0.77,"y":0},"i":{"x":0.23,"y":1},"s":[100],"t":63},{"o":{"x":0.77,"y":0},"i":{"x":0.23,"y":1},"s":[100],"t":99},{"s":[0],"t":115}],"ix":2},"o":{"a":1,"k":[{"o":{"x":0.77,"y":0},"i":{"x":0.23,"y":1},"s":[70],"t":47},{"o":{"x":0.77,"y":0},"i":{"x":0.23,"y":1},"s":[0],"t":63},{"o":{"x":0.77,"y":0},"i":{"x":0.23,"y":1},"s":[0],"t":99},{"s":[70],"t":115}],"ix":3},"s":{"a":0,"k":0,"ix":1},"m":1},{"ty":"st","bm":0,"hd":false,"mn":"ADBE Vector Graphic - Stroke","nm":"Stroke 1","lc":2,"lj":2,"ml":1,"o":{"a":0,"k":100,"ix":4},"w":{"a":0,"k":16,"ix":5},"c":{"a":1,"k":[{"o":{"x":0.333,"y":0},"i":{"x":0.667,"y":1},"s":[0.9451,0.651,0.6549],"t":47},{"o":{"x":0.333,"y":0},"i":{"x":0.667,"y":1},"s":[0.9176,0.2902,0.3725],"t":51},{"o":{"x":0.333,"y":0},"i":{"x":0.667,"y":1},"s":[0.9176,0.2902,0.3725],"t":111},{"s":[0.9451,0.651,0.6549],"t":115}],"ix":3}},{"ty":"tr","a":{"a":0,"k":[0,0],"ix":1},"s":{"a":0,"k":[100,100],"ix":3},"sk":{"a":0,"k":0,"ix":4},"p":{"a":0,"k":[541.661,592.523],"ix":2},"r":{"a":0,"k":0,"ix":6},"sa":{"a":0,"k":0,"ix":5},"o":{"a":0,"k":100,"ix":7}}]}],"ind":2,"parent":3},{"ty":3,"nm":"smile_CNTRL","sr":1,"st":0,"op":240,"ip":0,"hd":false,"ddd":0,"bm":0,"hasMask":false,"ao":0,"ks":{"a":{"a":0,"k":[0,0,0],"ix":1},"s":{"a":0,"k":[99.992,99.992,100],"ix":6},"sk":{"a":0,"k":0},"p":{"s":true,"x":{"a":0,"k":543.564,"ix":3},"y":{"a":1,"k":[{"o":{"x":0.77,"y":0},"i":{"x":0.23,"y":1},"s":[427.828],"t":47},{"o":{"x":0.77,"y":0},"i":{"x":0.23,"y":1},"s":[520.83],"t":63},{"o":{"x":0.77,"y":0},"i":{"x":0.23,"y":1},"s":[520.83],"t":99},{"s":[427.828],"t":115}],"ix":4},"z":{"a":0,"k":0}},"r":{"a":0,"k":0,"ix":10},"sa":{"a":0,"k":0},"o":{"a":0,"k":0,"ix":11}},"ef":[],"ind":3,"parent":4},{"ty":4,"nm":"sad bag","sr":1,"st":0,"op":241,"ip":0,"hd":false,"ddd":0,"bm":0,"hasMask":false,"ao":0,"ks":{"a":{"a":0,"k":[543.564,540.828,0],"ix":1},"s":{"a":0,"k":[100.008,100.008,100],"ix":6},"sk":{"a":0,"k":0},"p":{"a":1,"k":[{"o":{"x":0.333,"y":0},"i":{"x":0.667,"y":1},"s":[540,515,0],"t":0,"ti":[0,0,0],"to":[0,0,0]},{"o":{"x":0.333,"y":0},"i":{"x":0.667,"y":1},"s":[540,532,0],"t":6,"ti":[22.809,-17.684,0],"to":[0,0,0]},{"o":{"x":0.333,"y":0},"i":{"x":0,"y":1},"s":[483.25,517.324,0],"t":11,"ti":[0,0,0],"to":[-59.851,46.403,0]},{"o":{"x":1,"y":0},"i":{"x":0.667,"y":1},"s":[540,600,0],"t":18,"ti":[0,0,0],"to":[0,0,0]},{"o":{"x":0.333,"y":0},"i":{"x":0.667,"y":1},"s":[540,572,0],"t":23,"ti":[0,0,0],"to":[0,0,0]},{"o":{"x":0.333,"y":0},"i":{"x":0.667,"y":1},"s":[540,600,0],"t":27,"ti":[0,0,0],"to":[0,0,0]},{"o":{"x":0.333,"y":0},"i":{"x":0.667,"y":1},"s":[540,572,0],"t":32,"ti":[0,0,0],"to":[0,0,0]},{"o":{"x":0.333,"y":0},"i":{"x":0.667,"y":1},"s":[540,600,0],"t":36,"ti":[0,0,0],"to":[0,0,0]},{"o":{"x":0.333,"y":0},"i":{"x":0.667,"y":1},"s":[540,572,0],"t":41,"ti":[0,0,0],"to":[0,0,0]},{"o":{"x":0.333,"y":0},"i":{"x":0.667,"y":1},"s":[540,600,0],"t":45,"ti":[0,0,0],"to":[0,0,0]},{"o":{"x":0.333,"y":0},"i":{"x":0.29,"y":1},"s":[540,561,0],"t":50,"ti":[0,0,0],"to":[0,0,0]},{"o":{"x":0.71,"y":0},"i":{"x":0.833,"y":1},"s":[540,600,0],"t":106,"ti":[0,0,0],"to":[0,0,0]},{"s":[540,515,0],"t":121}],"ix":2},"r":{"a":1,"k":[{"o":{"x":0.333,"y":0},"i":{"x":0.667,"y":1},"s":[0],"t":0},{"o":{"x":0.167,"y":0},"i":{"x":0.29,"y":1},"s":[180],"t":18},{"o":{"x":0.71,"y":0},"i":{"x":0.29,"y":1},"s":[180],"t":106},{"s":[0],"t":121}],"ix":10},"sa":{"a":0,"k":0},"o":{"a":0,"k":100,"ix":11}},"ef":[],"shapes":[{"ty":"gr","bm":0,"hd":false,"mn":"ADBE Vector Group","nm":"front-bag","ix":1,"cix":2,"np":3,"it":[{"ty":"sh","bm":0,"hd":false,"mn":"ADBE Vector Shape - Group","nm":"Path 1","ix":1,"d":1,"ks":{"a":0,"k":{"c":true,"i":[[0,0],[0,0],[0,0],[-11.046,0],[0,0],[0,11.046]],"o":[[0,0],[0,0],[0,11.046],[0,0],[11.046,0],[0,0]],"v":[[168.218,-168.218],[-168.218,-168.218],[-168.218,148.218],[-148.218,168.218],[148.218,168.218],[168.218,148.218]]},"ix":2}},{"ty":"st","bm":0,"hd":false,"mn":"ADBE Vector Graphic - Stroke","nm":"Stroke 1","lc":2,"lj":2,"ml":1,"o":{"a":0,"k":100,"ix":4},"w":{"a":0,"k":16,"ix":5},"c":{"a":0,"k":[0.9176,0.2902,0.3725],"ix":3}},{"ty":"fl","bm":0,"hd":false,"mn":"ADBE Vector Graphic - Fill","nm":"Fill 1","c":{"a":0,"k":[1,0.8941,0.8941],"ix":4},"r":1,"o":{"a":0,"k":100,"ix":5}},{"ty":"tr","a":{"a":0,"k":[0,0],"ix":1},"s":{"a":0,"k":[100,100],"ix":3},"sk":{"a":0,"k":0,"ix":4},"p":{"a":0,"k":[541.661,586.864],"ix":2},"r":{"a":0,"k":0,"ix":6},"sa":{"a":0,"k":0,"ix":5},"o":{"a":0,"k":100,"ix":7}}]},{"ty":"gr","bm":0,"hd":false,"mn":"ADBE Vector Group","nm":"back-bag","ix":2,"cix":2,"np":3,"it":[{"ty":"sh","bm":0,"hd":false,"mn":"ADBE Vector Shape - Group","nm":"Path 1","ix":1,"d":1,"ks":{"a":0,"k":{"c":false,"i":[[0,29.098],[0,0],[0,0],[0,0]],"o":[[0,0],[0,0],[0,0],[0,29.098]],"v":[[168.218,16.587],[115.53,-16.587],[-115.53,-16.587],[-168.218,16.587]]},"ix":2}},{"ty":"st","bm":0,"hd":false,"mn":"ADBE Vector Graphic - Stroke","nm":"Stroke 1","lc":2,"lj":2,"ml":1,"o":{"a":0,"k":100,"ix":4},"w":{"a":0,"k":16,"ix":5},"c":{"a":0,"k":[0.9176,0.2902,0.3725],"ix":3}},{"ty":"fl","bm":0,"hd":false,"mn":"ADBE Vector Graphic - Fill","nm":"Fill 1","c":{"a":0,"k":[0.9451,0.651,0.6549],"ix":4},"r":1,"o":{"a":0,"k":100,"ix":5}},{"ty":"tr","a":{"a":0,"k":[0,0],"ix":1},"s":{"a":0,"k":[100,100],"ix":3},"sk":{"a":0,"k":0,"ix":4},"p":{"a":0,"k":[541.661,402.06],"ix":2},"r":{"a":0,"k":0,"ix":6},"sa":{"a":0,"k":0,"ix":5},"o":{"a":0,"k":100,"ix":7}}]}],"ind":4}],"v":"5.5.7","fr":30,"op":150,"ip":0,"assets":[]}