{"v":"5.7.4","fr":24,"ip":0,"op":1080,"w":1920,"h":1080,"nm":"Comp 1","ddd":0,"assets":[],"fonts":{"list":[{"fName":"Roboto-Regular","fFamily":"Roboto","fStyle":"Regular","ascent":75}]},"layers":[{"ddd":0,"ind":1,"ty":5,"nm":"0123456789","sr":1,"ks":{"o":{"a":0,"k":100,"ix":11},"r":{"a":0,"k":0,"ix":10},"p":{"a":0,"k":[880,-72,0],"ix":2,"l":2},"a":{"a":0,"k":[0,0,0],"ix":1,"l":2},"s":{"a":0,"k":[100,100,100],"ix":6,"l":2}},"ao":0,"t":{"d":{"k":[{"s":{"s":185,"f":"Roboto-Regular","t":"0123456789","j":2,"tr":0,"lh":222,"ls":0,"fc":[0.045,0.001,0.188]},"t":0}]},"p":{},"m":{"g":1,"a":{"a":0,"k":[0,0],"ix":2}},"a":[]},"ip":0,"op":1080,"st":0,"bm":0},{"ddd":0,"ind":2,"ty":4,"nm":"47","sr":1,"ks":{"o":{"a":0,"k":100,"ix":11},"r":{"a":0,"k":90,"ix":10},"p":{"a":0,"k":[583.5,620,0],"ix":2,"l":2},"a":{"a":0,"k":[9,-265,0],"ix":1,"l":2},"s":{"a":0,"k":[100,100,100],"ix":6,"l":2}},"ao":0,"shapes":[{"ty":"gr","it":[{"ty":"rc","d":1,"s":{"a":0,"k":[14,54],"ix":2},"p":{"a":0,"k":[0,0],"ix":3},"r":{"a":0,"k":0,"ix":4},"nm":"Rectangle Path 1","mn":"ADBE Vector Shape - Rect","hd":false},{"ty":"fl","c":{"a":0,"k":[0.191541694192,0.689677518957,0.921568627451,1],"ix":4},"o":{"a":0,"k":100,"ix":5},"r":1,"bm":0,"nm":"Fill 1","mn":"ADBE Vector Graphic - Fill","hd":false},{"ty":"tr","p":{"a":0,"k":[9,-265],"ix":2},"a":{"a":0,"k":[0,0],"ix":1},"s":{"a":0,"k":[100,81.939],"ix":3},"r":{"a":0,"k":0,"ix":6},"o":{"a":0,"k":100,"ix":7},"sk":{"a":0,"k":0,"ix":4},"sa":{"a":0,"k":0,"ix":5},"nm":"Transform"}],"nm":"Rectangle 1","np":3,"cix":2,"bm":0,"ix":1,"mn":"ADBE Vector Group","hd":false}],"ip":0,"op":1080,"st":0,"bm":0},{"ddd":0,"ind":3,"ty":4,"nm":"6","sr":1,"ks":{"o":{"a":0,"k":100,"ix":11},"r":{"a":0,"k":0,"ix":10},"p":{"a":0,"k":[960,995,0],"ix":2,"l":2},"a":{"a":0,"k":[9,-265,0],"ix":1,"l":2},"s":{"a":0,"k":[100,100,100],"ix":6,"l":2}},"ao":0,"shapes":[{"ty":"gr","it":[{"ty":"rc","d":1,"s":{"a":0,"k":[14,54],"ix":2},"p":{"a":0,"k":[0,0],"ix":3},"r":{"a":0,"k":0,"ix":4},"nm":"Rectangle Path 1","mn":"ADBE Vector Shape - Rect","hd":false},{"ty":"fl","c":{"a":0,"k":[0.191541694192,0.689677518957,0.921568627451,1],"ix":4},"o":{"a":0,"k":100,"ix":5},"r":1,"bm":0,"nm":"Fill 1","mn":"ADBE Vector Graphic - Fill","hd":false},{"ty":"tr","p":{"a":0,"k":[9,-265],"ix":2},"a":{"a":0,"k":[0,0],"ix":1},"s":{"a":0,"k":[100,81.939],"ix":3},"r":{"a":0,"k":0,"ix":6},"o":{"a":0,"k":100,"ix":7},"sk":{"a":0,"k":0,"ix":4},"sa":{"a":0,"k":0,"ix":5},"nm":"Transform"}],"nm":"Rectangle 1","np":3,"cix":2,"bm":0,"ix":1,"mn":"ADBE Vector Group","hd":false}],"ip":0,"op":1080,"st":0,"bm":0},{"ddd":0,"ind":4,"ty":4,"nm":"46","sr":1,"ks":{"o":{"a":0,"k":100,"ix":11},"r":{"a":0,"k":90,"ix":10},"p":{"a":0,"k":[1334,620.5,0],"ix":2,"l":2},"a":{"a":0,"k":[9,-265,0],"ix":1,"l":2},"s":{"a":0,"k":[100,100,100],"ix":6,"l":2}},"ao":0,"shapes":[{"ty":"gr","it":[{"ty":"rc","d":1,"s":{"a":0,"k":[14,54],"ix":2},"p":{"a":0,"k":[0,0],"ix":3},"r":{"a":0,"k":0,"ix":4},"nm":"Rectangle Path 1","mn":"ADBE Vector Shape - Rect","hd":false},{"ty":"fl","c":{"a":0,"k":[0.191541694192,0.689677518957,0.921568627451,1],"ix":4},"o":{"a":0,"k":100,"ix":5},"r":1,"bm":0,"nm":"Fill 1","mn":"ADBE Vector Graphic - Fill","hd":false},{"ty":"tr","p":{"a":0,"k":[9,-265],"ix":2},"a":{"a":0,"k":[0,0],"ix":1},"s":{"a":0,"k":[100,81.939],"ix":3},"r":{"a":0,"k":0,"ix":6},"o":{"a":0,"k":100,"ix":7},"sk":{"a":0,"k":0,"ix":4},"sa":{"a":0,"k":0,"ix":5},"nm":"Transform"}],"nm":"Rectangle 1","np":3,"cix":2,"bm":0,"ix":1,"mn":"ADBE Vector Group","hd":false}],"ip":0,"op":1080,"st":0,"bm":0},{"ddd":0,"ind":5,"ty":4,"nm":"12","sr":1,"ks":{"o":{"a":0,"k":100,"ix":11},"r":{"a":0,"k":0,"ix":10},"p":{"a":0,"k":[951,509,0],"ix":2,"l":2},"a":{"a":0,"k":[0,0,0],"ix":1,"l":2},"s":{"a":0,"k":[100,100,100],"ix":6,"l":2}},"ao":0,"shapes":[{"ty":"gr","it":[{"ty":"rc","d":1,"s":{"a":0,"k":[14,54],"ix":2},"p":{"a":0,"k":[0,0],"ix":3},"r":{"a":0,"k":0,"ix":4},"nm":"Rectangle Path 1","mn":"ADBE Vector Shape - Rect","hd":false},{"ty":"fl","c":{"a":0,"k":[0.191541694192,0.689677518957,0.921568627451,1],"ix":4},"o":{"a":0,"k":100,"ix":5},"r":1,"bm":0,"nm":"Fill 1","mn":"ADBE Vector Graphic - Fill","hd":false},{"ty":"tr","p":{"a":0,"k":[9,-265],"ix":2},"a":{"a":0,"k":[0,0],"ix":1},"s":{"a":0,"k":[100,81.939],"ix":3},"r":{"a":0,"k":0,"ix":6},"o":{"a":0,"k":100,"ix":7},"sk":{"a":0,"k":0,"ix":4},"sa":{"a":0,"k":0,"ix":5},"nm":"Transform"}],"nm":"Rectangle 1","np":3,"cix":2,"bm":0,"ix":1,"mn":"ADBE Vector Group","hd":false}],"ip":0,"op":1080,"st":0,"bm":0},{"ddd":0,"ind":6,"ty":4,"nm":"timer toggle 2","sr":1,"ks":{"o":{"a":0,"k":100,"ix":11},"r":{"a":0,"k":0,"ix":10},"p":{"a":0,"k":[965,500,0],"ix":2,"l":2},"a":{"a":0,"k":[0,0,0],"ix":1,"l":2},"s":{"a":0,"k":[100,100,100],"ix":6,"l":2}},"ao":0,"shapes":[{"ty":"gr","it":[{"ty":"rc","d":1,"s":{"a":0,"k":[46,34],"ix":2},"p":{"a":0,"k":[0,0],"ix":3},"r":{"a":0,"k":0,"ix":4},"nm":"Rectangle Path 1","mn":"ADBE Vector Shape - Rect","hd":false},{"ty":"fl","c":{"a":0,"k":[0.191541694192,0.689677518957,0.921568627451,1],"ix":4},"o":{"a":0,"k":100,"ix":5},"r":1,"bm":0,"nm":"Fill 1","mn":"ADBE Vector Graphic - Fill","hd":false},{"ty":"tr","p":{"a":0,"k":[317,-182],"ix":2},"a":{"a":0,"k":[0,0],"ix":1},"s":{"a":0,"k":[100,100],"ix":3},"r":{"a":0,"k":48.284,"ix":6},"o":{"a":0,"k":100,"ix":7},"sk":{"a":0,"k":0,"ix":4},"sa":{"a":0,"k":0,"ix":5},"nm":"Transform"}],"nm":"Rectangle 1","np":3,"cix":2,"bm":0,"ix":1,"mn":"ADBE Vector Group","hd":false}],"ip":0,"op":1080,"st":0,"bm":0},{"ddd":0,"ind":7,"ty":4,"nm":"timer toggle","sr":1,"ks":{"o":{"a":0,"k":100,"ix":11},"r":{"a":0,"k":0,"ix":10},"p":{"a":0,"k":[959.5,547,0],"ix":2,"l":2},"a":{"a":0,"k":[0,0,0],"ix":1,"l":2},"s":{"a":0,"k":[96.921,100,100],"ix":6,"l":2}},"ao":0,"shapes":[{"ty":"gr","it":[{"ty":"rc","d":1,"s":{"a":0,"k":[40.755,34.642],"ix":2},"p":{"a":0,"k":[0,0],"ix":3},"r":{"a":0,"k":0,"ix":4},"nm":"Rectangle Path 1","mn":"ADBE Vector Shape - Rect","hd":false},{"ty":"fl","c":{"a":0,"k":[0.191541694192,0.689677518957,0.921568627451,1],"ix":4},"o":{"a":0,"k":100,"ix":5},"r":1,"bm":0,"nm":"Fill 1","mn":"ADBE Vector Graphic - Fill","hd":false},{"ty":"tr","p":{"a":0,"k":[348.071,-242.67],"ix":2},"a":{"a":0,"k":[0,0],"ix":1},"s":{"a":0,"k":[183.568,100],"ix":3},"r":{"a":0,"k":45.983,"ix":6},"o":{"a":0,"k":100,"ix":7},"sk":{"a":0,"k":0,"ix":4},"sa":{"a":0,"k":0,"ix":5},"nm":"Transform"}],"nm":"Rectangle 1","np":3,"cix":2,"bm":0,"ix":1,"mn":"ADBE Vector Group","hd":false}],"ip":0,"op":1080,"st":0,"bm":0},{"ddd":0,"ind":8,"ty":5,"nm":"Reading Sensor","sr":1,"ks":{"o":{"a":0,"k":100,"ix":11},"r":{"a":0,"k":0,"ix":10},"p":{"a":0,"k":[960,517.366,0],"ix":2,"l":2},"a":{"a":0,"k":[1.449,-11.653,0],"ix":1,"l":2},"s":{"a":0,"k":[100,100,100],"ix":6,"l":2}},"ao":0,"t":{"d":{"k":[{"s":{"s":43,"f":"Roboto-Regular","t":"Reading Sensor","j":2,"tr":0,"lh":51.6,"ls":0,"fc":[0.045,0.001,0.188]},"t":0}]},"p":{},"m":{"g":1,"a":{"a":0,"k":[0,0],"ix":2}},"a":[]},"ip":0,"op":1080,"st":0,"bm":0},{"ddd":0,"ind":9,"ty":5,"nm":"45","sr":1,"ks":{"o":{"a":0,"k":100,"ix":11},"r":{"a":0,"k":0,"ix":10},"p":{"a":0,"k":[960.717,654.313,0],"ix":2,"l":2},"a":{"a":0,"k":[-0.276,-64.103,0],"ix":1,"l":2},"s":{"a":0,"k":[100,100,100],"ix":6,"l":2}},"ao":0,"t":{"d":{"x":"var $bm_rt;\n$bm_rt = $bm_sub(45, Math.floor(time));","k":[{"s":{"s":185,"f":"Roboto-Regular","t":"45","j":2,"tr":0,"lh":222,"ls":0,"fc":[0.045,0.001,0.188]},"t":0}]},"p":{},"m":{"g":1,"a":{"a":0,"k":[0,0],"ix":2}},"a":[]},"ip":0,"op":1080,"st":0,"bm":0},{"ddd":0,"ind":10,"ty":4,"nm":"time","sr":1,"ks":{"o":{"a":0,"k":100,"ix":11},"r":{"a":0,"k":0,"ix":10},"p":{"a":0,"k":[960,619.689,0],"ix":2,"l":2},"a":{"a":0,"k":[1.811,-22.415,0],"ix":1,"l":2},"s":{"a":0,"k":[100,100,100],"ix":6,"l":2}},"ao":0,"shapes":[{"ty":"gr","it":[{"d":1,"ty":"el","s":{"a":0,"k":[456.453,456.453],"ix":2},"p":{"a":0,"k":[0,0],"ix":3},"nm":"Ellipse Path 1","mn":"ADBE Vector Shape - Ellipse","hd":false},{"ty":"st","c":{"a":0,"k":[0.192156997381,0.921568986481,0.604060274012,1],"ix":3},"o":{"a":0,"k":100,"ix":4},"w":{"a":0,"k":77,"ix":5},"lc":1,"lj":1,"ml":4,"bm":0,"nm":"Stroke 1","mn":"ADBE Vector Graphic - Stroke","hd":false},{"ty":"tr","p":{"a":0,"k":[1.811,-22.415],"ix":2},"a":{"a":0,"k":[0,0],"ix":1},"s":{"a":0,"k":[121.124,121.124],"ix":3},"r":{"a":0,"k":0,"ix":6},"o":{"a":0,"k":100,"ix":7},"sk":{"a":0,"k":0,"ix":4},"sa":{"a":0,"k":0,"ix":5},"nm":"Transform"}],"nm":"Ellipse 1","np":3,"cix":2,"bm":0,"ix":1,"mn":"ADBE Vector Group","hd":false},{"ty":"tm","s":{"a":1,"k":[{"i":{"x":[0.833],"y":[0.833]},"o":{"x":[0.167],"y":[0.167]},"t":0,"s":[0]},{"t":1080,"s":[0]}],"ix":1},"e":{"a":1,"k":[{"i":{"x":[0.833],"y":[0.833]},"o":{"x":[0.167],"y":[0.167]},"t":0,"s":[0]},{"t":1079,"s":[100]}],"ix":2},"o":{"a":0,"k":0,"ix":3},"m":1,"ix":2,"nm":"Trim Paths 1","mn":"ADBE Vector Filter - Trim","hd":false}],"ip":0,"op":1080,"st":0,"bm":0},{"ddd":0,"ind":11,"ty":4,"nm":"clockface","sr":1,"ks":{"o":{"a":0,"k":100,"ix":11},"r":{"a":0,"k":0,"ix":10},"p":{"a":0,"k":[960,619.689,0],"ix":2,"l":2},"a":{"a":0,"k":[1.811,-22.415,0],"ix":1,"l":2},"s":{"a":0,"k":[100,100,100],"ix":6,"l":2}},"ao":0,"shapes":[{"ty":"gr","it":[{"d":1,"ty":"el","s":{"a":0,"k":[456.453,456.453],"ix":2},"p":{"a":0,"k":[0,0],"ix":3},"nm":"Ellipse Path 1","mn":"ADBE Vector Shape - Ellipse","hd":false},{"ty":"st","c":{"a":0,"k":[0.192156862745,0.690196078431,0.921568627451,1],"ix":3},"o":{"a":0,"k":100,"ix":4},"w":{"a":0,"k":9,"ix":5},"lc":1,"lj":1,"ml":4,"bm":0,"nm":"Stroke 1","mn":"ADBE Vector Graphic - Stroke","hd":false},{"ty":"fl","c":{"a":0,"k":[1,1,1,1],"ix":4},"o":{"a":0,"k":100,"ix":5},"r":1,"bm":0,"nm":"Fill 1","mn":"ADBE Vector Graphic - Fill","hd":false},{"ty":"tr","p":{"a":0,"k":[1.811,-22.415],"ix":2},"a":{"a":0,"k":[0,0],"ix":1},"s":{"a":0,"k":[183.073,183.073],"ix":3},"r":{"a":0,"k":0,"ix":6},"o":{"a":0,"k":100,"ix":7},"sk":{"a":0,"k":0,"ix":4},"sa":{"a":0,"k":0,"ix":5},"nm":"Transform"}],"nm":"Ellipse 1","np":3,"cix":2,"bm":0,"ix":1,"mn":"ADBE Vector Group","hd":false}],"ip":0,"op":1080,"st":0,"bm":0},{"ddd":0,"ind":12,"ty":4,"nm":"timer handle 1","sr":1,"ks":{"o":{"a":0,"k":100,"ix":11},"r":{"a":0,"k":0,"ix":10},"p":{"a":0,"k":[960,127.811,0],"ix":2,"l":2},"a":{"a":0,"k":[651.849,-368.83,0],"ix":1,"l":2},"s":{"a":0,"k":[100,100,100],"ix":6,"l":2}},"ao":0,"shapes":[{"ty":"gr","it":[{"ty":"rc","d":1,"s":{"a":0,"k":[199.698,126.34],"ix":2},"p":{"a":0,"k":[0,0],"ix":3},"r":{"a":0,"k":0,"ix":4},"nm":"Rectangle Path 1","mn":"ADBE Vector Shape - Rect","hd":false},{"ty":"fl","c":{"a":0,"k":[0.191541694192,0.689677518957,0.921568627451,1],"ix":4},"o":{"a":0,"k":100,"ix":5},"r":1,"bm":0,"nm":"Fill 1","mn":"ADBE Vector Graphic - Fill","hd":false},{"ty":"tr","p":{"a":0,"k":[651.849,-368.83],"ix":2},"a":{"a":0,"k":[0,0],"ix":1},"s":{"a":0,"k":[121.154,75.014],"ix":3},"r":{"a":0,"k":0,"ix":6},"o":{"a":0,"k":100,"ix":7},"sk":{"a":0,"k":0,"ix":4},"sa":{"a":0,"k":0,"ix":5},"nm":"Transform"}],"nm":"Rectangle 1","np":3,"cix":2,"bm":0,"ix":1,"mn":"ADBE Vector Group","hd":false}],"ip":0,"op":1080,"st":0,"bm":0},{"ddd":0,"ind":13,"ty":4,"nm":"timer handle 2","sr":1,"ks":{"o":{"a":0,"k":100,"ix":11},"r":{"a":0,"k":0,"ix":10},"p":{"a":0,"k":[960,170.151,0],"ix":2,"l":2},"a":{"a":0,"k":[656.943,-170.151,0],"ix":1,"l":2},"s":{"a":0,"k":[100,100,100],"ix":6,"l":2}},"ao":0,"shapes":[{"ty":"gr","it":[{"ty":"rc","d":1,"s":{"a":0,"k":[120.226,120.226],"ix":2},"p":{"a":0,"k":[0,0],"ix":3},"r":{"a":0,"k":0,"ix":4},"nm":"Rectangle Path 1","mn":"ADBE Vector Shape - Rect","hd":false},{"ty":"fl","c":{"a":0,"k":[0.191541694192,0.689677518957,0.921568627451,1],"ix":4},"o":{"a":0,"k":100,"ix":5},"r":1,"bm":0,"nm":"Fill 1","mn":"ADBE Vector Graphic - Fill","hd":false},{"ty":"tr","p":{"a":0,"k":[656.943,-170.151],"ix":2},"a":{"a":0,"k":[0,0],"ix":1},"s":{"a":0,"k":[100,100],"ix":3},"r":{"a":0,"k":0,"ix":6},"o":{"a":0,"k":100,"ix":7},"sk":{"a":0,"k":0,"ix":4},"sa":{"a":0,"k":0,"ix":5},"nm":"Transform"}],"nm":"Rectangle 1","np":3,"cix":2,"bm":0,"ix":1,"mn":"ADBE Vector Group","hd":false}],"ip":0,"op":1080,"st":0,"bm":0}],"markers":[],"chars":[{"ch":"4","size":185,"style":"Regular","w":56.15,"data":{"shapes":[{"ty":"gr","it":[{"ind":0,"ty":"sh","ix":1,"ks":{"a":0,"k":{"i":[[0,0],[0,0],[0,0],[0,0],[0,0],[0,0],[0,0],[0,0],[0,0],[0,0],[0,0]],"o":[[0,0],[0,0],[0,0],[0,0],[0,0],[0,0],[0,0],[0,0],[0,0],[0,0],[0,0]],"v":[[44.043,-71.094],[34.424,-71.094],[2.588,-21.826],[2.588,-16.504],[34.961,-16.504],[34.961,0],[44.043,0],[44.043,-16.504],[53.906,-16.504],[53.906,-23.877],[44.043,-23.877]],"c":true},"ix":2},"nm":"4","mn":"ADBE Vector Shape - Group","hd":false},{"ind":1,"ty":"sh","ix":2,"ks":{"a":0,"k":{"i":[[0,0],[0,0],[0,0],[0,0]],"o":[[0,0],[0,0],[0,0],[0,0]],"v":[[33.887,-56.787],[34.961,-58.74],[34.961,-23.877],[12.842,-23.877]],"c":true},"ix":2},"nm":"4","mn":"ADBE Vector Shape - Group","hd":false}],"nm":"4","np":5,"cix":2,"bm":0,"ix":1,"mn":"ADBE Vector Group","hd":false}]},"fFamily":"Roboto"},{"ch":"5","size":185,"style":"Regular","w":56.15,"data":{"shapes":[{"ty":"gr","it":[{"ind":0,"ty":"sh","ix":1,"ks":{"a":0,"k":{"i":[[0,0],[0,0],[-3.939,0],[-2.588,-2.881],[0,-4.752],[2.393,-2.864],[4.199,0],[2.344,2.068],[0.553,4.07],[0,0],[-3.972,-3.483],[-6.283,0],[-3.955,4.216],[0,7.324],[3.809,4.281],[6.477,0],[3.483,-2.051],[0,0],[0,0],[0,0],[0,0],[0,0]],"o":[[0,0],[2.246,-1.725],[4.297,0],[2.588,2.881],[0,5.046],[-2.393,2.865],[-3.841,0],[-2.344,-2.067],[0,0],[0.553,6.152],[3.971,3.484],[7.096,0],[3.955,-4.215],[0,-7.291],[-3.809,-4.28],[-4.427,0],[0,0],[0,0],[0,0],[0,0],[0,0],[0,0]],"v":[[17.285,-33.789],[19.678,-35.742],[28.955,-38.33],[39.282,-34.009],[43.164,-22.559],[39.575,-10.693],[29.688,-6.396],[20.41,-9.497],[16.064,-18.701],[7.52,-18.701],[14.307,-4.248],[29.688,0.977],[46.265,-5.347],[52.197,-22.656],[46.484,-40.015],[31.055,-46.436],[19.189,-43.359],[21.338,-62.744],[50.098,-62.744],[50.098,-71.094],[13.672,-71.094],[10.059,-35.645]],"c":true},"ix":2},"nm":"5","mn":"ADBE Vector Shape - Group","hd":false}],"nm":"5","np":3,"cix":2,"bm":0,"ix":1,"mn":"ADBE Vector Group","hd":false}]},"fFamily":"Roboto"},{"ch":"R","size":43,"style":"Regular","w":61.57,"data":{"shapes":[{"ty":"gr","it":[{"ind":0,"ty":"sh","ix":1,"ks":{"a":0,"k":{"i":[[0,0],[0,0],[0,0],[0,0],[-2.393,3.288],[0,4.427],[4.313,3.646],[8.008,0],[0,0],[0,0],[0,0],[0,0],[0,0]],"o":[[0,0],[0,0],[0,0],[4.264,-1.627],[2.393,-3.288],[0,-6.966],[-4.314,-3.645],[0,0],[0,0],[0,0],[0,0],[0,0],[0,0]],"v":[[49.756,0],[59.814,0],[59.814,-0.586],[43.115,-30.762],[53.101,-38.135],[56.689,-49.707],[50.22,-65.625],[31.738,-71.094],[8.203,-71.094],[8.203,0],[17.627,0],[17.627,-28.76],[34.326,-28.76]],"c":true},"ix":2},"nm":"R","mn":"ADBE Vector Shape - Group","hd":false},{"ind":1,"ty":"sh","ix":2,"ks":{"a":0,"k":{"i":[[0,0],[0,0],[-2.621,-2.348],[0,-4.402],[2.75,-2.413],[4.655,0],[0,0]],"o":[[0,0],[4.948,0.033],[2.62,2.348],[0,4.044],[-2.751,2.413],[0,0],[0,0]],"v":[[17.627,-63.428],[31.982,-63.428],[43.335,-59.856],[47.266,-49.731],[43.14,-40.045],[32.031,-36.426],[17.627,-36.426]],"c":true},"ix":2},"nm":"R","mn":"ADBE Vector Shape - Group","hd":false}],"nm":"R","np":5,"cix":2,"bm":0,"ix":1,"mn":"ADBE Vector Group","hd":false}]},"fFamily":"Roboto"},{"ch":"e","size":43,"style":"Regular","w":52.98,"data":{"shapes":[{"ty":"gr","it":[{"ind":0,"ty":"sh","ix":1,"ks":{"a":0,"k":{"i":[[-4.427,6.804],[0,0],[2.213,-1.302],[3.19,0],[2.913,3.207],[0.13,5.209],[0,0],[0,0],[3.809,4.525],[6.868,0],[3.596,-2.327],[2.002,-4.118],[0,-5.241],[0,0],[-4.492,-4.704],[-7.162,0]],"o":[[0,0],[-1.66,2.148],[-2.214,1.302],[-4.492,0],[-2.914,-3.206],[0,0],[0,0],[0,-8.43],[-3.809,-4.524],[-4.199,0],[-3.597,2.328],[-2.002,4.118],[0,0],[0,7.878],[4.492,4.704],[8.854,0]],"v":[[48.682,-9.229],[43.164,-13.525],[37.354,-8.35],[29.248,-6.396],[18.14,-11.206],[13.574,-23.828],[49.365,-23.828],[49.365,-27.588],[43.652,-47.021],[27.637,-53.809],[15.942,-50.317],[7.544,-40.649],[4.541,-26.611],[4.541,-24.951],[11.279,-6.079],[28.76,0.977]],"c":true},"ix":2},"nm":"e","mn":"ADBE Vector Shape - Group","hd":false},{"ind":1,"ty":"sh","ix":2,"ks":{"a":0,"k":{"i":[[-2.214,-2.522],[-0.261,-4.59],[0,0],[0,0],[-2.474,2.654],[-3.646,0]],"o":[[2.213,2.523],[0,0],[0,0],[0.586,-4.785],[2.473,-2.653],[3.776,0]],"v":[[36.621,-42.603],[40.332,-31.934],[40.332,-31.25],[13.867,-31.25],[18.457,-42.407],[27.637,-46.387]],"c":true},"ix":2},"nm":"e","mn":"ADBE Vector Shape - Group","hd":false}],"nm":"e","np":5,"cix":2,"bm":0,"ix":1,"mn":"ADBE Vector Group","hd":false}]},"fFamily":"Roboto"},{"ch":"a","size":43,"style":"Regular","w":54.39,"data":{"shapes":[{"ty":"gr","it":[{"ind":0,"ty":"sh","ix":1,"ks":{"a":0,"k":{"i":[[0,0],[0,0],[0,4.851],[0,0],[3.45,3.044],[6.087,0],[3.206,-1.432],[1.871,-2.457],[0,-2.637],[0,0],[-2.181,1.628],[-3.223,0],[-1.888,-1.871],[0,-3.157],[0,0],[0,0],[4.182,-3.043],[0,-5.501],[-3.337,-2.946],[-5.209,0],[-4.199,4.362],[-0.521,-1.041]],"o":[[0,0],[-1.237,-2.864],[0,0],[-0.13,-5.338],[-3.451,-3.043],[-3.841,0],[-3.207,1.433],[-1.872,2.458],[0,0],[0,-2.311],[2.18,-1.627],[3.678,0],[1.888,1.872],[0,0],[0,0],[-7.585,0],[-4.183,3.044],[0,4.525],[3.336,2.946],[5.827,0],[0.325,2.67],[0,0]],"v":[[48.926,0],[48.926,-0.781],[47.07,-12.354],[47.07,-36.67],[41.699,-49.243],[27.393,-53.809],[16.821,-51.66],[9.204,-45.825],[6.396,-38.184],[15.479,-38.184],[18.75,-44.092],[26.855,-46.533],[35.205,-43.726],[38.037,-36.182],[38.037,-32.031],[29.248,-32.031],[11.597,-27.466],[5.322,-14.648],[10.327,-3.442],[23.145,0.977],[38.184,-5.566],[39.453,0]],"c":true},"ix":2},"nm":"a","mn":"ADBE Vector Shape - Group","hd":false},{"ind":1,"ty":"sh","ix":2,"ks":{"a":0,"k":{"i":[[1.888,1.595],[0,2.832],[-11.068,0],[0,0],[0,0],[2.539,-1.465],[2.832,0]],"o":[[-1.888,-1.595],[0,-6.477],[0,0],[0,0],[-1.14,2.344],[-2.539,1.465],[-2.962,0]],"v":[[17.188,-9.277],[14.355,-15.918],[30.957,-25.635],[38.037,-25.635],[38.037,-14.795],[32.52,-9.082],[24.463,-6.885]],"c":true},"ix":2},"nm":"a","mn":"ADBE Vector Shape - Group","hd":false}],"nm":"a","np":5,"cix":2,"bm":0,"ix":1,"mn":"ADBE Vector Group","hd":false}]},"fFamily":"Roboto"},{"ch":"d","size":43,"style":"Regular","w":56.4,"data":{"shapes":[{"ty":"gr","it":[{"ind":0,"ty":"sh","ix":1,"ks":{"a":0,"k":{"i":[[0,0],[-3.857,-5.013],[-6.12,0],[-3.613,4.427],[0,0],[0,0],[0,0],[0,0],[0,0],[6.184,0],[3.841,-4.932],[0,-8.105]],"o":[[0,8.073],[3.857,5.013],[6.445,0],[0,0],[0,0],[0,0],[0,0],[0,0],[-3.613,-4.231],[-6.218,0],[-3.841,4.932],[0,0]],"v":[[4.639,-26.172],[10.425,-6.543],[25.391,0.977],[40.479,-5.664],[40.918,0],[49.219,0],[49.219,-75],[40.186,-75],[40.186,-47.461],[25.488,-53.809],[10.4,-46.411],[4.639,-26.855]],"c":true},"ix":2},"nm":"d","mn":"ADBE Vector Shape - Group","hd":false},{"ind":1,"ty":"sh","ix":2,"ks":{"a":0,"k":{"i":[[-2.474,3.418],[-4.427,0],[-2.702,-4.98],[0,0],[5.729,0],[2.473,3.386],[0,5.99]],"o":[[2.473,-3.418],[5.598,0],[0,0],[-2.637,5.144],[-4.362,0],[-2.474,-3.385],[0,-6.705]],"v":[[17.383,-41.016],[27.734,-46.143],[40.186,-38.672],[40.186,-14.404],[27.637,-6.689],[17.383,-11.768],[13.672,-25.83]],"c":true},"ix":2},"nm":"d","mn":"ADBE Vector Shape - Group","hd":false}],"nm":"d","np":5,"cix":2,"bm":0,"ix":1,"mn":"ADBE Vector Group","hd":false}]},"fFamily":"Roboto"},{"ch":"i","size":43,"style":"Regular","w":24.27,"data":{"shapes":[{"ty":"gr","it":[{"ind":0,"ty":"sh","ix":1,"ks":{"a":0,"k":{"i":[[0,0],[0,0],[0,0],[0,0]],"o":[[0,0],[0,0],[0,0],[0,0]],"v":[[16.65,-52.832],[7.617,-52.832],[7.617,0],[16.65,0]],"c":true},"ix":2},"nm":"i","mn":"ADBE Vector Shape - Group","hd":false},{"ind":1,"ty":"sh","ix":2,"ks":{"a":0,"k":{"i":[[-0.896,-0.977],[-1.758,0],[-0.912,0.977],[0,1.465],[0.911,1.009],[1.758,0],[0.895,-1.009],[0,-1.465]],"o":[[0.895,0.977],[1.758,0],[0.911,-0.977],[0,-1.465],[-0.912,-1.009],[-1.758,0],[-0.896,1.009],[0,1.465]],"v":[[8.228,-63.184],[12.207,-61.719],[16.211,-63.184],[17.578,-66.846],[16.211,-70.557],[12.207,-72.07],[8.228,-70.557],[6.885,-66.846]],"c":true},"ix":2},"nm":"i","mn":"ADBE Vector Shape - Group","hd":false}],"nm":"i","np":5,"cix":2,"bm":0,"ix":1,"mn":"ADBE Vector Group","hd":false}]},"fFamily":"Roboto"},{"ch":"n","size":43,"style":"Regular","w":55.18,"data":{"shapes":[{"ty":"gr","it":[{"ind":0,"ty":"sh","ix":1,"ks":{"a":0,"k":{"i":[[0,0],[0,0],[0,0],[0,0],[-2.214,1.562],[-2.93,0],[-1.709,-1.823],[-0.033,-3.809],[0,0],[0,0],[0,0],[11.165,0],[4.036,-5.078],[0,0]],"o":[[0,0],[0,0],[0,0],[1.237,-2.539],[2.213,-1.562],[3.613,0],[1.709,1.823],[0,0],[0,0],[0,0],[-0.098,-12.598],[-6.511,0],[0,0],[0,0]],"v":[[6.836,-52.832],[6.836,0],[15.869,0],[15.869,-37.646],[21.045,-43.799],[28.76,-46.143],[36.743,-43.408],[39.355,-34.961],[39.355,0],[48.389,0],[48.389,-34.912],[31.494,-53.809],[15.674,-46.191],[15.381,-52.832]],"c":true},"ix":2},"nm":"n","mn":"ADBE Vector Shape - Group","hd":false}],"nm":"n","np":3,"cix":2,"bm":0,"ix":1,"mn":"ADBE Vector Group","hd":false}]},"fFamily":"Roboto"},{"ch":"g","size":43,"style":"Regular","w":56.1,"data":{"shapes":[{"ty":"gr","it":[{"ind":0,"ty":"sh","ix":1,"ks":{"a":0,"k":{"i":[[-3.825,-4.98],[-6.185,0],[-3.613,4.167],[0,0],[2.457,-2.474],[4.395,0],[3.873,4.785],[0,0],[-3.646,-1.628],[-3.809,0],[-4.053,3.938],[0,6.836],[0,0],[0,0],[0,0],[6.445,0],[3.809,-4.866],[0,-8.235]],"o":[[3.825,4.98],[6.25,0],[0,0],[0,4.492],[-2.458,2.473],[-5.599,0],[0,0],[1.92,2.832],[3.645,1.627],[6.836,0],[4.053,-3.939],[0,0],[0,0],[0,0],[-3.613,-4.557],[-6.283,0],[-3.809,4.867],[0,8.594]],"v":[[10.425,-6.494],[25.439,0.977],[40.234,-5.273],[40.234,-0.732],[36.548,9.717],[26.27,13.428],[12.061,6.25],[7.373,11.67],[15.723,18.359],[26.904,20.801],[43.237,14.893],[49.316,-1.27],[49.316,-52.832],[41.064,-52.832],[40.625,-46.973],[25.537,-53.809],[10.4,-46.509],[4.688,-26.855]],"c":true},"ix":2},"nm":"g","mn":"ADBE Vector Shape - Group","hd":false},{"ind":1,"ty":"sh","ix":2,"ks":{"a":0,"k":{"i":[[-2.474,3.418],[-4.395,0],[-2.767,-5.045],[0,0],[5.696,0],[2.441,3.402],[0,5.957]],"o":[[2.473,-3.418],[5.534,0],[0,0],[-2.67,5.176],[-4.395,0],[-2.441,-3.401],[0,-6.705]],"v":[[17.48,-41.016],[27.783,-46.143],[40.234,-38.574],[40.234,-14.453],[27.686,-6.689],[17.432,-11.792],[13.77,-25.83]],"c":true},"ix":2},"nm":"g","mn":"ADBE Vector Shape - Group","hd":false}],"nm":"g","np":5,"cix":2,"bm":0,"ix":1,"mn":"ADBE Vector Group","hd":false}]},"fFamily":"Roboto"},{"ch":" ","size":43,"style":"Regular","w":24.76,"data":{},"fFamily":"Roboto"},{"ch":"S","size":43,"style":"Regular","w":59.33,"data":{"shapes":[{"ty":"gr","it":[{"ind":0,"ty":"sh","ix":1,"ks":{"a":0,"k":{"i":[[-2.441,-1.904],[0,-3.483],[2.637,-2.018],[4.948,0],[3.174,2.49],[0,4.297],[0,0],[-2.295,-3.255],[-4.232,-1.871],[-4.883,0],[-4.492,3.467],[0,5.762],[1.611,2.67],[3.336,2.002],[5.908,1.663],[2.457,2.006],[0,2.903],[-2.588,2.039],[-4.623,0],[-2.734,-2.466],[0,-4.312],[0,0],[2.1,3.32],[3.825,1.888],[4.883,0],[4.475,-3.662],[0,-5.598],[-3.662,-3.369],[-8.041,-2.311]],"o":[[2.441,1.904],[0,3.484],[-2.637,2.019],[-5.306,0],[-3.174,-2.49],[0,0],[0,4.134],[2.295,3.255],[4.231,1.871],[7.52,0],[4.492,-3.467],[0,-3.613],[-1.611,-2.669],[-3.337,-2.002],[-5.908,-1.663],[-2.458,-2.005],[0,-3.619],[2.588,-2.039],[4.98,0],[2.734,2.467],[0,0],[0,-3.938],[-2.1,-3.32],[-3.825,-1.888],[-7.162,0],[-4.476,3.662],[0,4.948],[3.662,3.369],[6.413,1.855]],"v":[[42.48,-26.05],[46.143,-17.969],[42.188,-9.717],[30.811,-6.689],[18.091,-10.425],[13.33,-20.605],[3.906,-20.605],[7.349,-9.521],[17.139,-1.831],[30.811,0.977],[48.828,-4.224],[55.566,-18.066],[53.149,-27.49],[45.728,-34.497],[31.86,-39.995],[19.312,-45.498],[15.625,-52.86],[19.507,-61.346],[30.322,-64.404],[41.895,-60.705],[45.996,-50.537],[55.42,-50.537],[52.271,-61.426],[43.384,-69.238],[30.322,-72.07],[12.866,-66.577],[6.152,-52.686],[11.646,-40.21],[29.199,-31.689]],"c":true},"ix":2},"nm":"S","mn":"ADBE Vector Shape - Group","hd":false}],"nm":"S","np":3,"cix":2,"bm":0,"ix":1,"mn":"ADBE Vector Group","hd":false}]},"fFamily":"Roboto"},{"ch":"s","size":43,"style":"Regular","w":51.56,"data":{"shapes":[{"ty":"gr","it":[{"ind":0,"ty":"sh","ix":1,"ks":{"a":0,"k":{"i":[[2.067,-1.383],[3.418,0],[2.262,1.775],[0.163,3.027],[0,0],[-1.839,-2.686],[-3.255,-1.497],[-4.232,0],[-3.777,2.849],[0,4.72],[1.35,1.97],[2.799,1.4],[4.508,1.009],[1.725,1.107],[0,2.181],[-1.855,1.433],[-3.288,0],[-2.1,-1.79],[0,-2.473],[0,0],[3.727,3.093],[5.989,0],[3.662,-2.995],[0,-4.329],[-1.286,-1.888],[-2.686,-1.367],[-4.574,-0.977],[-1.839,-1.35],[0,-2.441]],"o":[[-2.068,1.384],[-3.711,0],[-2.263,-1.774],[0,0],[0,3.125],[1.839,2.686],[3.255,1.497],[6.022,0],[3.776,-2.848],[0,-2.832],[-1.351,-1.969],[-2.8,-1.399],[-4.509,-1.009],[-1.726,-1.106],[0,-2.311],[1.855,-1.432],[3.19,0],[2.1,1.791],[0,0],[0,-4.817],[-3.728,-3.092],[-5.697,0],[-3.662,2.995],[0,2.605],[1.286,1.888],[2.686,1.367],[4.573,0.977],[1.839,1.351],[0,2.312]],"v":[[34.497,-8.472],[26.27,-6.396],[17.31,-9.058],[13.672,-16.26],[4.639,-16.26],[7.397,-7.544],[15.039,-1.27],[26.27,0.977],[40.967,-3.296],[46.631,-14.648],[44.604,-21.851],[38.379,-26.904],[27.417,-30.518],[18.066,-33.691],[15.479,-38.623],[18.262,-44.238],[25.977,-46.387],[33.911,-43.701],[37.061,-37.305],[46.143,-37.305],[40.552,-49.17],[25.977,-53.809],[11.938,-49.316],[6.445,-38.33],[8.374,-31.592],[14.331,-26.709],[25.22,-23.193],[34.839,-19.702],[37.598,-14.014]],"c":true},"ix":2},"nm":"s","mn":"ADBE Vector Shape - Group","hd":false}],"nm":"s","np":3,"cix":2,"bm":0,"ix":1,"mn":"ADBE Vector Group","hd":false}]},"fFamily":"Roboto"},{"ch":"o","size":43,"style":"Regular","w":57.03,"data":{"shapes":[{"ty":"gr","it":[{"ind":0,"ty":"sh","ix":1,"ks":{"a":0,"k":{"i":[[0,0],[-4.443,-4.98],[-7.162,0],[-3.662,2.279],[-1.97,4.086],[0,5.144],[0,0],[4.443,4.98],[7.194,0],[3.629,-2.246],[2.034,-4.134],[0,-5.176]],"o":[[0,8.203],[4.443,4.98],[4.752,0],[3.662,-2.278],[1.969,-4.085],[0,0],[0,-8.268],[-4.443,-4.98],[-4.655,0],[-3.63,2.246],[-2.035,4.134],[0,0]],"v":[[4.443,-26.27],[11.108,-6.494],[28.516,0.977],[41.138,-2.441],[49.585,-11.987],[52.539,-25.83],[52.539,-26.465],[45.874,-46.338],[28.418,-53.809],[15.991,-50.439],[7.495,-40.869],[4.443,-26.904]],"c":true},"ix":2},"nm":"o","mn":"ADBE Vector Shape - Group","hd":false},{"ind":1,"ty":"sh","ix":2,"ks":{"a":0,"k":{"i":[[-2.734,3.548],[-4.46,0],[-2.751,-3.596],[0,-5.794],[2.702,-3.596],[4.59,0],[2.718,3.548],[0,5.859]],"o":[[2.734,-3.548],[4.557,0],[2.75,3.597],[0,6.478],[-2.702,3.597],[-4.558,0],[-2.718,-3.548],[0,-6.608]],"v":[[17.627,-41.064],[28.418,-46.387],[39.38,-40.991],[43.506,-26.904],[39.453,-11.792],[28.516,-6.396],[17.603,-11.719],[13.525,-25.83]],"c":true},"ix":2},"nm":"o","mn":"ADBE Vector Shape - Group","hd":false}],"nm":"o","np":5,"cix":2,"bm":0,"ix":1,"mn":"ADBE Vector Group","hd":false}]},"fFamily":"Roboto"},{"ch":"r","size":43,"style":"Regular","w":33.84,"data":{"shapes":[{"ty":"gr","it":[{"ind":0,"ty":"sh","ix":1,"ks":{"a":0,"k":{"i":[[0,0],[1.758,0],[2.962,-4.72],[0,0],[0,0],[0,0],[0,0],[0,0],[-5.925,0],[-1.367,-0.227]],"o":[[-0.912,-0.455],[-5.437,0],[0,0],[0,0],[0,0],[0,0],[0,0],[2.116,-5.045],[1.595,0],[0,0]],"v":[[32.373,-53.125],[28.369,-53.809],[15.771,-46.729],[15.625,-52.832],[6.836,-52.832],[6.836,0],[15.869,0],[15.869,-37.5],[27.93,-45.068],[32.373,-44.727]],"c":true},"ix":2},"nm":"r","mn":"ADBE Vector Shape - Group","hd":false}],"nm":"r","np":3,"cix":2,"bm":0,"ix":1,"mn":"ADBE Vector Group","hd":false}]},"fFamily":"Roboto"},{"ch":"0","size":185,"style":"Regular","w":56.15,"data":{"shapes":[{"ty":"gr","it":[{"ind":0,"ty":"sh","ix":1,"ks":{"a":0,"k":{"i":[[0,0],[3.613,4.9],[7.649,0],[3.613,-5.078],[0,-10.449],[0,0],[-3.646,-5.029],[-7.585,0],[-3.613,5.144],[0,10.58]],"o":[[-0.098,-10.221],[-3.613,-4.899],[-7.715,0],[-3.613,5.078],[0,0],[0.13,9.994],[3.645,5.029],[7.682,0],[3.613,-5.143],[0,0]],"v":[[50.488,-42.041],[44.922,-64.722],[28.027,-72.07],[11.035,-64.453],[5.615,-41.162],[5.615,-29.102],[11.279,-6.567],[28.125,0.977],[45.068,-6.738],[50.488,-30.322]],"c":true},"ix":2},"nm":"0","mn":"ADBE Vector Shape - Group","hd":false},{"ind":1,"ty":"sh","ix":2,"ks":{"a":0,"k":{"i":[[0,0],[2.164,-3.45],[4.459,0],[2.229,3.662],[0,7.683],[0,0],[-2.116,3.484],[-4.623,0],[-2.148,-3.499],[0,-7.649]],"o":[[-0.098,7.422],[-2.165,3.451],[-4.525,0],[-2.23,-3.662],[0,0],[0.065,-7.227],[2.116,-3.483],[4.655,0],[2.148,3.5],[0,0]],"v":[[41.455,-27.881],[38.062,-11.572],[28.125,-6.396],[17.993,-11.89],[14.648,-28.906],[14.648,-43.359],[17.92,-59.424],[28.027,-64.648],[38.232,-59.399],[41.455,-42.676]],"c":true},"ix":2},"nm":"0","mn":"ADBE Vector Shape - Group","hd":false}],"nm":"0","np":5,"cix":2,"bm":0,"ix":1,"mn":"ADBE Vector Group","hd":false}]},"fFamily":"Roboto"},{"ch":"1","size":185,"style":"Regular","w":56.15,"data":{"shapes":[{"ty":"gr","it":[{"ind":0,"ty":"sh","ix":1,"ks":{"a":0,"k":{"i":[[0,0],[0,0],[0,0],[0,0],[0,0],[0,0],[0,0]],"o":[[0,0],[0,0],[0,0],[0,0],[0,0],[0,0],[0,0]],"v":[[35.596,-71.436],[34.18,-71.436],[8.301,-61.719],[8.301,-53.516],[26.514,-60.205],[26.514,0],[35.596,0]],"c":true},"ix":2},"nm":"1","mn":"ADBE Vector Shape - Group","hd":false}],"nm":"1","np":3,"cix":2,"bm":0,"ix":1,"mn":"ADBE Vector Group","hd":false}]},"fFamily":"Roboto"},{"ch":"2","size":185,"style":"Regular","w":56.15,"data":{"shapes":[{"ty":"gr","it":[{"ind":0,"ty":"sh","ix":1,"ks":{"a":0,"k":{"i":[[0,0],[0,0],[0,0],[0,6.999],[3.841,3.467],[6.608,0],[4.215,-4.036],[0,-6.543],[0,0],[-2.49,2.556],[-4.492,0],[-2.246,-2.376],[0,-3.711],[1.383,-2.588],[3.645,-4.134],[0,0],[0,0],[0,0]],"o":[[0,0],[0,0],[8.919,-9.668],[0,-5.762],[-3.841,-3.467],[-7.064,0],[-4.216,4.037],[0,0],[0,-4.557],[2.49,-2.555],[3.743,0],[2.246,2.377],[0,2.767],[-1.384,2.588],[0,0],[0,0],[0,0],[0,0]],"v":[[52.49,-7.373],[16.797,-7.373],[35.84,-28.027],[49.219,-53.027],[43.457,-66.87],[27.783,-72.07],[10.864,-66.016],[4.541,-50.146],[13.574,-50.146],[17.31,-60.815],[27.783,-64.648],[36.768,-61.084],[40.137,-51.953],[38.062,-43.921],[30.518,-33.838],[5.908,-6.494],[5.908,0],[52.49,0]],"c":true},"ix":2},"nm":"2","mn":"ADBE Vector Shape - Group","hd":false}],"nm":"2","np":3,"cix":2,"bm":0,"ix":1,"mn":"ADBE Vector Group","hd":false}]},"fFamily":"Roboto"},{"ch":"3","size":185,"style":"Regular","w":56.15,"data":{"shapes":[{"ty":"gr","it":[{"ind":0,"ty":"sh","ix":1,"ks":{"a":0,"k":{"i":[[0,0],[0,0],[-2.539,-2.213],[0,-4.134],[2.311,-2.278],[4.362,0],[2.441,2.246],[0,3.744],[0,0],[-4.183,-3.613],[-6.673,0],[-4.167,3.744],[0,6.38],[2.132,2.865],[3.906,1.237],[-2.002,2.898],[0,3.093],[3.809,3.548],[6.705,0],[4.118,-3.727],[0,-5.631],[0,0],[-2.328,2.23],[-3.906,0],[0,-8.333],[2.441,-2.18],[4.264,-0.065],[0,0]],"o":[[0,0],[4.785,0.066],[2.539,2.214],[0,4.265],[-2.312,2.279],[-4.102,0],[-2.441,-2.246],[0,0],[0,5.925],[4.182,3.613],[6.673,0],[4.166,-3.743],[0,-4.134],[-2.132,-2.864],[3.45,-1.432],[2.002,-2.897],[0,-6.315],[-3.809,-3.548],[-6.348,0],[-4.118,3.728],[0,0],[0,-3.678],[2.327,-2.229],[8.301,0],[0,3.711],[-2.441,2.181],[0,0],[0,0]],"v":[[19.043,-32.568],[25.83,-32.568],[36.816,-29.15],[40.625,-19.629],[37.158,-9.814],[27.148,-6.396],[17.334,-9.766],[13.672,-18.75],[4.59,-18.75],[10.864,-4.443],[27.148,0.977],[43.408,-4.639],[49.658,-19.824],[46.46,-30.322],[37.402,-36.475],[45.581,-42.969],[48.584,-51.953],[42.871,-66.748],[27.1,-72.07],[11.401,-66.479],[5.225,-52.441],[14.258,-52.441],[17.749,-61.304],[27.1,-64.648],[39.551,-52.148],[35.889,-43.311],[25.83,-39.941],[19.043,-39.941]],"c":true},"ix":2},"nm":"3","mn":"ADBE Vector Shape - Group","hd":false}],"nm":"3","np":3,"cix":2,"bm":0,"ix":1,"mn":"ADBE Vector Group","hd":false}]},"fFamily":"Roboto"},{"ch":"6","size":185,"style":"Regular","w":56.15,"data":{"shapes":[{"ty":"gr","it":[{"ind":0,"ty":"sh","ix":1,"ks":{"a":0,"k":{"i":[[0,0],[5.582,-6.917],[0,-13.086],[0,0],[-4.232,-5.225],[-6.804,0],[-3.988,4.395],[0,7.324],[3.694,4.362],[6.184,0],[3.743,-4.297],[-4.167,4.037],[-7.031,0.13],[0,0],[0,0]],"o":[[-11.035,0.163],[-5.583,6.918],[0,0],[0,8.236],[4.231,5.225],[6.705,0],[3.987,-4.395],[0,-6.901],[-3.695,-4.362],[-6.478,0],[0.651,-7.324],[4.166,-4.036],[0,0],[0,0],[0,0]],"v":[[39.746,-71.143],[14.819,-60.522],[6.445,-30.518],[6.445,-27.051],[12.793,-6.86],[29.346,0.977],[45.386,-5.615],[51.367,-23.193],[45.825,-40.088],[31.006,-46.631],[15.674,-40.186],[22.9,-57.227],[39.697,-63.477],[41.357,-63.477],[41.357,-71.143]],"c":true},"ix":2},"nm":"6","mn":"ADBE Vector Shape - Group","hd":false},{"ind":1,"ty":"sh","ix":2,"ks":{"a":0,"k":{"i":[[-2.361,-3.011],[0,-4.883],[2.327,-2.995],[4.069,0],[2.637,3.581],[0,5.859],[0,0],[-2.605,1.855],[-3.093,0]],"o":[[2.36,3.011],[0,4.851],[-2.328,2.995],[-3.939,0],[-2.637,-3.58],[0,0],[1.009,-2.799],[2.604,-1.855],[3.906,0]],"v":[[38.892,-34.595],[42.432,-22.754],[38.94,-10.986],[29.346,-6.494],[19.482,-11.865],[15.527,-26.025],[15.527,-29.346],[20.947,-36.328],[29.492,-39.111]],"c":true},"ix":2},"nm":"6","mn":"ADBE Vector Shape - Group","hd":false}],"nm":"6","np":5,"cix":2,"bm":0,"ix":1,"mn":"ADBE Vector Group","hd":false}]},"fFamily":"Roboto"},{"ch":"7","size":185,"style":"Regular","w":56.15,"data":{"shapes":[{"ty":"gr","it":[{"ind":0,"ty":"sh","ix":1,"ks":{"a":0,"k":{"i":[[0,0],[0,0],[0,0],[0,0],[0,0],[0,0],[0,0]],"o":[[0,0],[0,0],[0,0],[0,0],[0,0],[0,0],[0,0]],"v":[[51.807,-71.094],[3.76,-71.094],[3.76,-63.672],[42.236,-63.672],[12.891,0],[22.363,0],[51.807,-66.016]],"c":true},"ix":2},"nm":"7","mn":"ADBE Vector Shape - Group","hd":false}],"nm":"7","np":3,"cix":2,"bm":0,"ix":1,"mn":"ADBE Vector Group","hd":false}]},"fFamily":"Roboto"},{"ch":"8","size":185,"style":"Regular","w":56.15,"data":{"shapes":[{"ty":"gr","it":[{"ind":0,"ty":"sh","ix":1,"ks":{"a":0,"k":{"i":[[3.857,3.516],[6.25,0],[3.841,-3.516],[0,-5.989],[-1.823,-2.766],[-3.158,-1.562],[2.1,-3.092],[0,-3.841],[-4.118,-3.662],[-6.836,0],[-4.15,3.646],[0,6.152],[2.164,3.06],[3.711,1.595],[-1.872,2.767],[0,3.548]],"o":[[-3.857,-3.516],[-6.283,0],[-3.841,3.516],[0,3.516],[1.823,2.767],[-3.711,1.595],[-2.1,3.093],[0,6.12],[4.118,3.662],[6.77,0],[4.15,-3.645],[0,-3.873],[-2.165,-3.059],[3.19,-1.562],[1.871,-2.766],[0,-5.989]],"v":[[43.237,-66.797],[28.076,-72.07],[12.891,-66.797],[7.129,-52.539],[9.863,-43.115],[17.334,-36.621],[8.618,-29.59],[5.469,-19.189],[11.646,-4.517],[28.076,0.977],[44.458,-4.492],[50.684,-19.189],[47.437,-29.59],[38.623,-36.572],[46.216,-43.066],[49.023,-52.539]],"c":true},"ix":2},"nm":"8","mn":"ADBE Vector Shape - Group","hd":false},{"ind":1,"ty":"sh","ix":2,"ks":{"a":0,"k":{"i":[[2.409,-2.327],[4.231,0],[2.393,2.312],[0,4.037],[-2.458,2.474],[-4.07,0],[-2.523,-2.506],[0,-3.971]],"o":[[-2.409,2.328],[-4.265,0],[-2.393,-2.311],[0,-4.036],[2.457,-2.473],[4.069,0],[2.522,2.507],[0,4.004]],"v":[[38.037,-9.888],[28.076,-6.396],[18.091,-9.863],[14.502,-19.385],[18.188,-29.15],[27.979,-32.861],[37.866,-29.102],[41.65,-19.385]],"c":true},"ix":2},"nm":"8","mn":"ADBE Vector Shape - Group","hd":false},{"ind":2,"ty":"sh","ix":3,"ks":{"a":0,"k":{"i":[[-2.246,-2.278],[0,-3.613],[2.164,-2.229],[3.613,0],[2.164,2.23],[0,3.613],[-2.197,2.197],[-3.548,0]],"o":[[2.246,2.279],[0,3.613],[-2.165,2.23],[-3.613,0],[-2.165,-2.229],[0,-3.776],[2.197,-2.197],[3.45,0]],"v":[[36.621,-61.23],[39.99,-52.393],[36.743,-43.628],[28.076,-40.283],[19.409,-43.628],[16.162,-52.393],[19.458,-61.353],[28.076,-64.648]],"c":true},"ix":2},"nm":"8","mn":"ADBE Vector Shape - Group","hd":false}],"nm":"8","np":6,"cix":2,"bm":0,"ix":1,"mn":"ADBE Vector Group","hd":false}]},"fFamily":"Roboto"},{"ch":"9","size":185,"style":"Regular","w":56.15,"data":{"shapes":[{"ty":"gr","it":[{"ind":0,"ty":"sh","ix":1,"ks":{"a":0,"k":{"i":[[4.004,-3.752],[7.454,-0.13],[0,0],[0,0],[0,0],[-5.469,6.364],[0,13.835],[0,0],[4.053,5.257],[7.031,0],[3.32,-2.018],[1.807,-3.809],[0,-4.752],[-1.66,-3.662],[-3.044,-2.018],[-4.102,0],[-2.621,1.367],[-1.888,2.246]],"o":[[-4.004,3.752],[0,0],[0,0],[0,0],[11.035,-0.163],[5.469,-6.364],[0,0],[0,-9.082],[-4.053,-5.257],[-4.427,0],[-3.32,2.019],[-1.807,3.809],[0,4.427],[1.66,3.662],[3.043,2.019],[3.125,0],[2.62,-1.367],[-0.359,8.121]],"v":[[33.984,-13.44],[16.797,-7.617],[14.893,-7.617],[14.893,0.049],[16.65,0.049],[41.406,-9.741],[49.609,-40.039],[49.609,-42.676],[43.53,-64.185],[26.904,-72.07],[15.283,-69.043],[7.593,-60.303],[4.883,-47.461],[7.373,-35.327],[14.429,-26.807],[25.146,-23.779],[33.765,-25.83],[40.527,-31.25]],"c":true},"ix":2},"nm":"9","mn":"ADBE Vector Shape - Group","hd":false},{"ind":1,"ty":"sh","ix":2,"ks":{"a":0,"k":{"i":[[2.327,3.142],[0,4.851],[-2.409,3.044],[-3.972,0],[-2.572,-3.711],[0,-5.924],[0,0],[2.555,-1.855],[3.027,0]],"o":[[-2.328,-3.141],[0,-4.98],[2.409,-3.043],[3.938,0],[2.571,3.711],[0,0],[-1.172,2.734],[-2.556,1.855],[-3.906,0]],"v":[[17.261,-35.962],[13.77,-47.949],[17.383,-59.985],[26.953,-64.551],[36.719,-58.984],[40.576,-44.531],[40.576,-40.918],[34.985,-34.033],[26.611,-31.25]],"c":true},"ix":2},"nm":"9","mn":"ADBE Vector Shape - Group","hd":false}],"nm":"9","np":5,"cix":2,"bm":0,"ix":1,"mn":"ADBE Vector Group","hd":false}]},"fFamily":"Roboto"}]}