{"v":"5.8.1","fr":30,"ip":0,"op":81,"w":500,"h":500,"nm":"Save_Electricity ","ddd":0,"assets":[],"layers":[{"ddd":0,"ind":1,"ty":4,"nm":"Shape Layer 2","parent":2,"sr":1,"ks":{"o":{"a":0,"k":100,"ix":11},"r":{"a":0,"k":180,"ix":10},"p":{"a":0,"k":[6,-57,0],"ix":2,"l":2},"a":{"a":0,"k":[6,-57,0],"ix":1,"l":2},"s":{"a":0,"k":[100,100,100],"ix":6,"l":2}},"ao":0,"shapes":[{"ty":"gr","it":[{"ind":0,"ty":"sh","ix":1,"ks":{"a":0,"k":{"i":[[61.856,0],[0,-61.856],[-61.856,0],[0,61.856]],"o":[[-61.856,0],[0,61.856],[61.856,0],[0,-61.856]],"v":[[0,-112],[-112,0],[0,112],[112,0]],"c":true},"ix":2},"nm":"Path 1","mn":"ADBE Vector Shape - Group","hd":false},{"ty":"st","c":{"a":0,"k":[1,0.925490255917,0.733333333333,1],"ix":3},"o":{"a":0,"k":100,"ix":4},"w":{"a":0,"k":8,"ix":5},"lc":2,"lj":1,"ml":4,"bm":0,"nm":"Stroke 1","mn":"ADBE Vector Graphic - Stroke","hd":false},{"ty":"tr","p":{"a":0,"k":[6,-57],"ix":2},"a":{"a":0,"k":[0,0],"ix":1},"s":{"a":0,"k":[100,100],"ix":3},"r":{"a":0,"k":0,"ix":6},"o":{"a":0,"k":100,"ix":7},"sk":{"a":0,"k":0,"ix":4},"sa":{"a":0,"k":0,"ix":5},"nm":"Transform"}],"nm":"Ellipse 1","np":3,"cix":2,"bm":0,"ix":1,"mn":"ADBE Vector Group","hd":false},{"ty":"tm","s":{"a":0,"k":0,"ix":1},"e":{"a":0,"k":35,"ix":2},"o":{"a":0,"k":35,"ix":3},"m":1,"ix":2,"nm":"Trim Paths 1","mn":"ADBE Vector Filter - Trim","hd":false},{"ty":"gr","it":[{"ind":0,"ty":"sh","ix":1,"ks":{"a":0,"k":{"i":[[0,0],[0,0],[0,0]],"o":[[0,0],[0,0],[0,0]],"v":[[-73.75,-155.875],[-54.75,-151.125],[-54.875,-133]],"c":false},"ix":2},"nm":"Path 1","mn":"ADBE Vector Shape - Group","hd":false},{"ty":"st","c":{"a":0,"k":[1,0.925490255917,0.733333333333,1],"ix":3},"o":{"a":0,"k":100,"ix":4},"w":{"a":0,"k":8,"ix":5},"lc":2,"lj":2,"bm":0,"nm":"Stroke 1","mn":"ADBE Vector Graphic - Stroke","hd":false},{"ty":"tr","p":{"a":0,"k":[0,0],"ix":2},"a":{"a":0,"k":[0,0],"ix":1},"s":{"a":0,"k":[100,100],"ix":3},"r":{"a":0,"k":0,"ix":6},"o":{"a":0,"k":100,"ix":7},"sk":{"a":0,"k":0,"ix":4},"sa":{"a":0,"k":0,"ix":5},"nm":"Transform"}],"nm":"Shape 1","np":3,"cix":2,"bm":0,"ix":3,"mn":"ADBE Vector Group","hd":false}],"ip":0,"op":300,"st":0,"bm":0},{"ddd":0,"ind":2,"ty":4,"nm":"Shape Layer 1","parent":6,"sr":1,"ks":{"o":{"a":0,"k":100,"ix":11},"r":{"a":1,"k":[{"i":{"x":[0.5],"y":[1]},"o":{"x":[0.5],"y":[0]},"t":0,"s":[0]},{"i":{"x":[0.5],"y":[1]},"o":{"x":[0.5],"y":[0]},"t":20,"s":[180]},{"i":{"x":[0.5],"y":[1]},"o":{"x":[0.5],"y":[0]},"t":40,"s":[180]},{"t":60,"s":[360]}],"ix":10},"p":{"a":0,"k":[256,193,0],"ix":2,"l":2},"a":{"a":0,"k":[6,-57,0],"ix":1,"l":2},"s":{"a":0,"k":[100,100,100],"ix":6,"l":2}},"ao":0,"shapes":[{"ty":"gr","it":[{"ind":0,"ty":"sh","ix":1,"ks":{"a":0,"k":{"i":[[61.856,0],[0,-61.856],[-61.856,0],[0,61.856]],"o":[[-61.856,0],[0,61.856],[61.856,0],[0,-61.856]],"v":[[0,-112],[-112,0],[0,112],[112,0]],"c":true},"ix":2},"nm":"Path 1","mn":"ADBE Vector Shape - Group","hd":false},{"ty":"st","c":{"a":0,"k":[1,0.925490255917,0.733333333333,1],"ix":3},"o":{"a":0,"k":100,"ix":4},"w":{"a":0,"k":8,"ix":5},"lc":2,"lj":1,"ml":4,"bm":0,"nm":"Stroke 1","mn":"ADBE Vector Graphic - Stroke","hd":false},{"ty":"tr","p":{"a":0,"k":[6,-57],"ix":2},"a":{"a":0,"k":[0,0],"ix":1},"s":{"a":0,"k":[100,100],"ix":3},"r":{"a":0,"k":0,"ix":6},"o":{"a":0,"k":100,"ix":7},"sk":{"a":0,"k":0,"ix":4},"sa":{"a":0,"k":0,"ix":5},"nm":"Transform"}],"nm":"Ellipse 1","np":3,"cix":2,"bm":0,"ix":1,"mn":"ADBE Vector Group","hd":false},{"ty":"tm","s":{"a":0,"k":0,"ix":1},"e":{"a":0,"k":35,"ix":2},"o":{"a":0,"k":35,"ix":3},"m":1,"ix":2,"nm":"Trim Paths 1","mn":"ADBE Vector Filter - Trim","hd":false},{"ty":"gr","it":[{"ind":0,"ty":"sh","ix":1,"ks":{"a":0,"k":{"i":[[0,0],[0,0],[0,0]],"o":[[0,0],[0,0],[0,0]],"v":[[-73.75,-155.875],[-54.75,-151.125],[-54.875,-133]],"c":false},"ix":2},"nm":"Path 1","mn":"ADBE Vector Shape - Group","hd":false},{"ty":"st","c":{"a":0,"k":[1,0.925490255917,0.733333333333,1],"ix":3},"o":{"a":0,"k":100,"ix":4},"w":{"a":0,"k":8,"ix":5},"lc":2,"lj":2,"bm":0,"nm":"Stroke 1","mn":"ADBE Vector Graphic - Stroke","hd":false},{"ty":"tr","p":{"a":0,"k":[0,0],"ix":2},"a":{"a":0,"k":[0,0],"ix":1},"s":{"a":0,"k":[100,100],"ix":3},"r":{"a":0,"k":0,"ix":6},"o":{"a":0,"k":100,"ix":7},"sk":{"a":0,"k":0,"ix":4},"sa":{"a":0,"k":0,"ix":5},"nm":"Transform"}],"nm":"Shape 1","np":3,"cix":2,"bm":0,"ix":3,"mn":"ADBE Vector Group","hd":false}],"ip":0,"op":300,"st":0,"bm":0},{"ddd":0,"ind":3,"ty":4,"nm":"Electricity","parent":6,"sr":1,"ks":{"o":{"a":1,"k":[{"t":6,"s":[100],"h":1},{"t":8,"s":[0],"h":1},{"t":10,"s":[100],"h":1},{"t":12,"s":[0],"h":1},{"t":14,"s":[100],"h":1},{"t":46,"s":[100],"h":1},{"t":48,"s":[0],"h":1},{"t":50,"s":[100],"h":1},{"t":52,"s":[0],"h":1},{"t":54,"s":[100],"h":1}],"ix":11},"r":{"a":0,"k":0,"ix":10},"p":{"a":0,"k":[255.551,197.82,0],"ix":2,"l":2},"a":{"a":0,"k":[5.551,-52.18,0],"ix":1,"l":2},"s":{"a":0,"k":[100,100,100],"ix":6,"l":2}},"ao":0,"shapes":[{"ty":"gr","it":[{"ind":0,"ty":"sh","ix":1,"ks":{"a":0,"k":{"i":[[0,0]],"o":[[0,0]],"v":[[-21.809,6.831]],"c":true},"ix":2},"nm":"Path 1","mn":"ADBE Vector Shape - Group","hd":false},{"ind":1,"ty":"sh","ix":2,"ks":{"a":0,"k":{"i":[[1.267,-0.004],[-0.006,2.775],[-0.321,0.673],[-5.92,11.33],[0.584,0.506],[0,0],[-1.963,3.789],[0,0],[-2.568,-0.009],[0,0],[0,-3.793],[0.724,-1.114],[0,0],[-0.657,-0.567],[0,0],[-0.137,-2.539],[1.755,-1.838],[0.37,-0.435],[0.11,-0.095]],"o":[[-2.775,-0.006],[0.002,-0.745],[1.111,-2.636],[0.347,-0.691],[0,0],[-3.182,-2.844],[0,0],[1.177,-2.282],[0,0],[3.793,0],[0,1.329],[0,0],[-0.465,0.732],[0,0],[1.924,1.663],[0.141,2.538],[-12.083,12.919],[-0.095,0.11],[-0.922,0.87]],"v":[[-20.757,12.423],[-25.771,7.388],[-25.281,5.235],[-3.153,-44.455],[-3.557,-46.489],[-21.942,-62.92],[-24.013,-74.191],[-3.924,-113.079],[2.177,-116.782],[30.007,-116.782],[36.873,-109.915],[35.763,-106.172],[15.606,-75.185],[15.939,-72.923],[31.485,-59.389],[34.71,-52.812],[32.18,-45.955],[-17.041,10.753],[-17.35,11.062]],"c":true},"ix":2},"nm":"Path 2","mn":"ADBE Vector Shape - Group","hd":false},{"ty":"fl","c":{"a":0,"k":[1,0.803921580315,0.192156866193,1],"ix":4},"o":{"a":0,"k":100,"ix":5},"r":1,"bm":0,"nm":"Fill 1","mn":"ADBE Vector Graphic - Fill","hd":false},{"ty":"tr","p":{"a":0,"k":[0,0],"ix":2},"a":{"a":0,"k":[0,0],"ix":1},"s":{"a":0,"k":[100,100],"ix":3},"r":{"a":0,"k":0,"ix":6},"o":{"a":0,"k":100,"ix":7},"sk":{"a":0,"k":0,"ix":4},"sa":{"a":0,"k":0,"ix":5},"nm":"Transform"}],"nm":"Electricity","np":3,"cix":2,"bm":0,"ix":1,"mn":"ADBE Vector Group","hd":false}],"ip":0,"op":300,"st":0,"bm":0},{"ddd":0,"ind":6,"ty":4,"nm":"Hand","sr":1,"ks":{"o":{"a":0,"k":100,"ix":11},"r":{"a":0,"k":0,"ix":10},"p":{"a":1,"k":[{"i":{"x":0.667,"y":1},"o":{"x":0.333,"y":0},"t":0,"s":[238.211,383.253,0],"to":[0,-3.333,0],"ti":[0,0,0]},{"i":{"x":0.667,"y":1},"o":{"x":0.333,"y":0},"t":40,"s":[238.211,363.253,0],"to":[0,0,0],"ti":[0,-3.333,0]},{"t":80,"s":[238.211,383.253,0]}],"ix":2,"l":2},"a":{"a":0,"k":[238.211,383.253,0],"ix":1,"l":2},"s":{"a":0,"k":[100,100,100],"ix":6,"l":2}},"ao":0,"shapes":[{"ty":"gr","it":[{"ind":0,"ty":"sh","ix":1,"ks":{"a":0,"k":{"i":[[0.656,0.004],[0.002,2.131],[-1.22,0.682],[-9.515,-1.373],[-5.033,0.379],[-0.328,-2.106],[2.106,-0.328],[5.704,1.13],[6.778,-3.781]],"o":[[-2.131,0.002],[-0.001,-1.398],[9.064,-5.058],[4.949,0.993],[2.106,-0.328],[0.328,2.106],[-5.791,0.529],[-8.719,-1.256],[-0.574,0.318]],"v":[[-21.561,5.354],[-25.422,1.499],[-23.447,-1.871],[5.925,-4.004],[20.968,-3.078],[25.375,0.141],[22.156,4.549],[4.824,3.641],[-19.685,4.876]],"c":true},"ix":2},"nm":"Path 1","mn":"ADBE Vector Shape - Group","hd":false},{"ty":"fl","c":{"a":0,"k":[0.929411768913,0.282352954149,0.313725501299,1],"ix":4},"o":{"a":0,"k":100,"ix":5},"r":1,"bm":0,"nm":"Fill 1","mn":"ADBE Vector Graphic - Fill","hd":false},{"ty":"tr","p":{"a":0,"k":[265.06,374.018],"ix":2},"a":{"a":0,"k":[0,0],"ix":1},"s":{"a":0,"k":[100,100],"ix":3},"r":{"a":0,"k":0,"ix":6},"o":{"a":0,"k":100,"ix":7},"sk":{"a":0,"k":0,"ix":4},"sa":{"a":0,"k":0,"ix":5},"nm":"Transform"}],"nm":"Group 1","np":2,"cix":2,"bm":0,"ix":1,"mn":"ADBE Vector Group","hd":false},{"ty":"gr","it":[{"ind":0,"ty":"sh","ix":1,"ks":{"a":0,"k":{"i":[[4.555,3.062],[13.688,-1.617],[0.805,5.508],[3.268,1.363],[13.259,2.694],[19.169,-9.761],[7.475,-11.682],[-0.227,-1.808],[-6.262,-2.031],[-2.016,1.449],[-8.373,2.941],[-12.521,0.302],[-9.512,8.58]],"o":[[-11.287,-7.586],[5.508,-0.805],[-0.512,-3.504],[-5.626,-2.957],[-21.089,-4.241],[-10.555,5],[-1.049,1.49],[0.756,6.811],[2.325,0.87],[3.781,-2.435],[15.509,-5.454],[18.422,-0.441],[3.812,-3.426]],"v":[[95.825,-12.877],[48.41,-8.507],[56.927,-19.938],[50.833,-27.784],[11.569,-38.99],[-50.593,-30.466],[-98.835,6.786],[-100.113,11.912],[-72.644,40.393],[-65.697,39.467],[-45.232,25.933],[8.516,24.89],[97.964,0.101]],"c":true},"ix":2},"nm":"Path 1","mn":"ADBE Vector Shape - Group","hd":false},{"ty":"fl","c":{"a":0,"k":[1,0.592156887054,0.482352942228,1],"ix":4},"o":{"a":0,"k":100,"ix":5},"r":1,"bm":0,"nm":"Fill 1","mn":"ADBE Vector Graphic - Fill","hd":false},{"ty":"tr","p":{"a":0,"k":[238.211,383.253],"ix":2},"a":{"a":0,"k":[0,0],"ix":1},"s":{"a":0,"k":[100,100],"ix":3},"r":{"a":0,"k":0,"ix":6},"o":{"a":0,"k":100,"ix":7},"sk":{"a":0,"k":0,"ix":4},"sa":{"a":0,"k":0,"ix":5},"nm":"Transform"}],"nm":"Group 2","np":2,"cix":2,"bm":0,"ix":2,"mn":"ADBE Vector Group","hd":false}],"ip":0,"op":300,"st":0,"bm":0}],"markers":[]}